ad_id,timestamp,site_category,device_type,user_region,user_age,bid_price,ad_position,click
83431,2026-03-28 08:00:00,social,mobile,south,24,1.28,sidebar,1
1cff3c,2026-03-28 08:00:03,travel,desktop,west,61,2.43,feed,1
771fd0,2026-03-28 08:00:04,social,desktop,north,43,1.84,sidebar,0
da387a,2026-03-28 08:00:09,finance,mobile,south,45,4.01,sidebar,1
ec5660,2026-03-28 08:00:08,gaming,desktop,west,40,0.29,sidebar,0
dbd64d,2026-03-28 08:00:05,travel,mobile,south,46,0.6,top,0
52de3d,2026-03-28 08:00:24,news,desktop,east,37,1.79,top,0
564972,2026-03-28 08:00:28,news,desktop,west,27,0.76,top,0
49ed37,2026-03-28 08:00:08,social,mobile,west,53,1.97,feed,1
3c176b,2026-03-28 08:00:45,travel,mobile,east,61,0.53,sidebar,0
94dc28,2026-03-28 08:00:50,finance,desktop,west,50,1.87,feed,0
66c6c2,2026-03-28 08:00:22,news,mobile,east,64,1.53,top,0
43c5ad,2026-03-28 08:00:12,social,mobile,east,43,1.41,top,1
e9353,2026-03-28 08:00:26,finance,mobile,west,43,3.31,feed,1
273b32,2026-03-28 08:00:56,finance,mobile,south,57,4.72,top,1
8bcc3a,2026-03-28 08:01:00,travel,desktop,north,18,2.92,sidebar,0
4bb3b4,2026-03-28 08:01:20,news,desktop,north,24,1.74,feed,0
75398a,2026-03-28 08:01:25,gaming,mobile,east,60,0.77,top,0
5e6a35,2026-03-28 08:01:12,finance,mobile,west,29,4.03,top,1
544379,2026-03-28 08:01:16,news,desktop,west,53,1.96,sidebar,1
b14f35,2026-03-28 08:00:20,travel,mobile,south,54,0.23,sidebar,0
91272b,2026-03-28 08:01:03,travel,desktop,east,38,0.53,top,1
9d5787,2026-03-28 08:00:44,gaming,desktop,west,65,1.06,sidebar,0
348757,2026-03-28 08:01:55,news,mobile,west,48,0.4,feed,0
ed549b,2026-03-28 08:02:00,news,mobile,north,51,0.54,feed,0
cb4c9b,2026-03-28 08:01:15,finance,mobile,west,26,4.32,sidebar,1
27d669,2026-03-28 08:01:44,finance,desktop,east,48,1.21,sidebar,0
de499d,2026-03-28 08:00:54,gaming,desktop,east,61,1.31,feed,0
206c90,2026-03-28 08:01:24,social,mobile,south,30,0.15,top,0
4fa77f,2026-03-28 08:00:58,social,desktop,north,51,0.16,feed,0
2dc45b,2026-03-28 08:01:30,travel,mobile,east,36,2.04,top,1
d5bf51,2026-03-28 08:02:35,social,mobile,south,65,1.9,top,1
5f3493,2026-03-28 08:00:32,social,mobile,south,64,0.19,sidebar,1
b840e1,2026-03-28 08:02:12,social,mobile,south,40,0.26,sidebar,0
189a80,2026-03-28 08:02:50,travel,desktop,south,22,0.71,feed,0
6ec0d1,2026-03-28 08:01:10,social,desktop,east,43,1.52,feed,0
aa7f9f,2026-03-28 08:02:24,social,mobile,south,61,1.53,feed,0
2dc365,2026-03-28 08:03:05,travel,desktop,east,43,2.12,top,0
dace3e,2026-03-28 08:02:32,gaming,mobile,east,20,0.37,feed,1
d99654,2026-03-28 08:00:39,news,mobile,east,57,0.88,top,0
d66a8d,2026-03-28 08:01:20,news,mobile,north,50,0.32,sidebar,1
b3d84b,2026-03-28 08:00:41,social,mobile,west,28,1.67,sidebar,0
809549,2026-03-28 08:02:06,finance,mobile,west,36,3.77,feed,1
ecd329,2026-03-28 08:02:09,news,mobile,south,65,1.07,feed,0
a65aaf,2026-03-28 08:02:56,travel,mobile,north,42,3.14,sidebar,1
87adc7,2026-03-28 08:01:30,social,mobile,east,26,0.37,feed,0
683232,2026-03-28 08:03:04,travel,mobile,south,54,1.84,top,1
9d1a1e,2026-03-28 08:01:34,travel,desktop,north,38,0.92,top,0
9513ea,2026-03-28 08:04:00,finance,desktop,west,18,4.26,sidebar,0
a53bd2,2026-03-28 08:02:27,finance,desktop,east,60,0.41,sidebar,0
abe409,2026-03-28 08:04:10,travel,desktop,south,30,1.63,top,0
964ee6,2026-03-28 08:02:33,finance,desktop,east,21,0.91,sidebar,0
55f1bf,2026-03-28 08:02:36,finance,desktop,east,65,2.67,feed,0
98648b,2026-03-28 08:01:46,travel,desktop,north,19,3.49,sidebar,0
907e99,2026-03-28 08:01:48,finance,desktop,west,33,4.54,feed,1
5a5434,2026-03-28 08:04:35,news,mobile,east,34,1.4,top,1
b0dd92,2026-03-28 08:01:52,finance,desktop,west,54,3.92,top,0
5ec518,2026-03-28 08:00:57,news,mobile,south,28,0.8,sidebar,0
fe1ca,2026-03-28 08:01:56,finance,mobile,west,45,4.47,top,1
51eb9e,2026-03-28 08:03:56,finance,desktop,west,30,4.5,feed,0
a7c266,2026-03-28 08:04:00,finance,desktop,north,28,1.14,sidebar,1
77ac71,2026-03-28 08:01:01,news,mobile,north,57,0.34,sidebar,0
705020,2026-03-28 08:01:02,travel,desktop,east,38,1.19,sidebar,0
233bdb,2026-03-28 08:05:15,gaming,mobile,south,48,1.76,top,0
ed069a,2026-03-28 08:04:16,news,desktop,north,57,1.21,sidebar,0
16888f,2026-03-28 08:05:25,travel,mobile,west,61,1.45,top,0
c4b520,2026-03-28 08:05:30,social,mobile,south,43,0.14,feed,0
b5c50c,2026-03-28 08:01:07,social,desktop,south,25,1.97,top,0
efc3ea,2026-03-28 08:02:16,gaming,desktop,west,47,1.4,feed,1
be4501,2026-03-28 08:02:18,gaming,mobile,east,62,1.35,top,0
6793ea,2026-03-28 08:04:40,finance,desktop,west,33,3.75,sidebar,0
ea4028,2026-03-28 08:02:22,finance,desktop,east,42,3.07,sidebar,0
e763d8,2026-03-28 08:03:36,travel,mobile,west,31,0.91,top,1
81e04d,2026-03-28 08:02:26,travel,desktop,north,21,1.62,top,1
7422b8,2026-03-28 08:04:56,social,desktop,south,19,1.88,feed,0
fb13c4,2026-03-28 08:02:30,social,desktop,north,47,1.1,top,0
3cf5b2,2026-03-28 08:01:16,finance,mobile,south,28,4.76,sidebar,1
d8c1da,2026-03-28 08:03:51,finance,mobile,north,54,3.42,feed,1
4364be,2026-03-28 08:05:12,travel,desktop,north,41,1.93,sidebar,0
bdac6d,2026-03-28 08:02:38,social,desktop,north,63,1.05,top,0
6fc476,2026-03-28 08:02:40,social,desktop,west,33,1.6,sidebar,0
42b22,2026-03-28 08:04:03,news,desktop,east,55,0.69,feed,0
ab3b52,2026-03-28 08:05:28,finance,desktop,north,62,0.51,top,1
4b7eb7,2026-03-28 08:01:23,social,desktop,north,25,1.98,sidebar,0
f4f929,2026-03-28 08:02:48,travel,desktop,west,40,2.33,feed,1
675a,2026-03-28 08:04:15,news,mobile,west,44,1.84,sidebar,0
fb0160,2026-03-28 08:04:18,social,desktop,south,44,1.99,feed,0
e7d23d,2026-03-28 08:04:21,gaming,desktop,east,36,1.48,feed,0
a40af5,2026-03-28 08:07:20,news,desktop,east,65,1.67,top,0
b0f769,2026-03-28 08:02:58,social,mobile,west,38,1.23,feed,1
f1fe84,2026-03-28 08:04:30,travel,desktop,west,29,3.17,sidebar,1
aba903,2026-03-28 08:06:04,travel,mobile,west,40,2.23,feed,0
6bc03d,2026-03-28 08:04:36,finance,mobile,south,31,3.89,feed,1
5d8cb2,2026-03-28 08:01:33,finance,desktop,south,50,0.26,sidebar,0
2a480e,2026-03-28 08:06:16,social,mobile,south,29,1.32,sidebar,0
e538ec,2026-03-28 08:06:20,gaming,mobile,south,45,0.25,feed,0
baae53,2026-03-28 08:03:12,social,desktop,south,42,0.58,feed,0
74cff5,2026-03-28 08:03:14,finance,desktop,west,36,2.54,top,1
8a80b8,2026-03-28 08:06:32,finance,desktop,east,18,3.58,top,0
9cbb1,2026-03-28 08:04:57,news,desktop,east,41,1.18,sidebar,0
1c9bc5,2026-03-28 08:01:40,news,desktop,south,58,0.24,feed,0
4e7575,2026-03-28 08:05:03,finance,mobile,east,63,0.81,sidebar,1
98f646,2026-03-28 08:01:42,gaming,mobile,east,58,1.7,feed,0
572978,2026-03-28 08:03:26,gaming,mobile,east,50,0.44,top,0
f7a9a1,2026-03-28 08:03:28,finance,mobile,east,19,2.33,sidebar,0
3d3cdd,2026-03-28 08:01:45,travel,desktop,north,27,1.5,feed,0
b55657,2026-03-28 08:03:32,social,mobile,north,32,1.93,feed,1
76ed21,2026-03-28 08:07:08,gaming,mobile,west,55,1.85,sidebar,0
50cbac,2026-03-28 08:05:24,gaming,mobile,south,60,0.38,sidebar,1
5aedc3,2026-03-28 08:05:27,gaming,mobile,south,55,1.7,sidebar,0
1229d0,2026-03-28 08:03:40,finance,mobile,south,63,3.14,top,0
673e62,2026-03-28 08:09:15,news,desktop,east,51,0.96,top,0
21cb7b,2026-03-28 08:03:44,gaming,mobile,east,27,1.04,feed,0
71724f,2026-03-28 08:07:32,travel,desktop,south,57,2.91,feed,0
746f87,2026-03-28 08:05:42,travel,desktop,west,50,2.74,top,0
7abdc,2026-03-28 08:01:55,gaming,desktop,north,63,1.17,feed,0
f33da1,2026-03-28 08:05:48,finance,desktop,west,35,2.31,sidebar,0
df9db9,2026-03-28 08:07:48,gaming,mobile,south,26,1.63,feed,0
30a01d,2026-03-28 08:01:58,social,desktop,south,18,0.34,sidebar,0
eb717a,2026-03-28 08:03:58,travel,mobile,east,51,0.3,feed,1
3040a7,2026-03-28 08:02:00,social,mobile,east,37,1.24,top,0
438610,2026-03-28 08:06:03,gaming,desktop,south,46,1.86,feed,0
e6515f,2026-03-28 08:04:04,travel,desktop,west,42,2.91,sidebar,1
f1e56a,2026-03-28 08:10:15,finance,desktop,east,54,3.92,feed,0
c6d129,2026-03-28 08:08:16,travel,mobile,east,39,2.32,top,1
118c7a,2026-03-28 08:04:10,gaming,desktop,east,50,1.7,feed,0
1d8dd8,2026-03-28 08:04:12,social,desktop,south,20,0.73,sidebar,0
5cfabf,2026-03-28 08:02:07,finance,desktop,east,60,1.27,top,1
b2615a,2026-03-28 08:04:16,finance,mobile,north,25,2.03,feed,0
e4f309,2026-03-28 08:10:45,finance,mobile,west,59,3.57,sidebar,0
3d10b9,2026-03-28 08:04:20,news,mobile,south,38,0.48,sidebar,0
d3c6af,2026-03-28 08:10:55,news,desktop,south,39,0.27,sidebar,0
150f13,2026-03-28 08:11:00,social,desktop,east,21,2.0,sidebar,0
2e99eb,2026-03-28 08:06:39,finance,desktop,west,55,4.41,feed,0
fc3c88,2026-03-28 08:08:56,news,desktop,west,56,0.64,top,0
8c6f94,2026-03-28 08:06:45,news,mobile,east,54,1.68,feed,1
c568d,2026-03-28 08:06:48,gaming,mobile,east,52,0.15,top,0
9abae1,2026-03-28 08:06:51,social,desktop,south,21,1.7,feed,0
e5295,2026-03-28 08:02:18,gaming,mobile,north,33,1.38,feed,1
6f71d5,2026-03-28 08:04:38,finance,desktop,west,32,2.58,top,0
f08f27,2026-03-28 08:07:00,travel,desktop,east,39,2.89,feed,0
772335,2026-03-28 08:02:21,social,desktop,east,21,1.28,sidebar,0
7532fd,2026-03-28 08:11:50,news,desktop,west,60,1.58,feed,0
e75911,2026-03-28 08:11:55,travel,desktop,south,30,2.56,sidebar,0
4390e9,2026-03-28 08:04:48,gaming,desktop,west,52,1.01,top,0
1eb62a,2026-03-28 08:09:40,finance,mobile,south,61,0.54,top,0
53df34,2026-03-28 08:07:18,news,desktop,south,57,1.11,sidebar,0
9fdcc9,2026-03-28 08:02:27,news,desktop,north,62,0.52,feed,0
ee35a3,2026-03-28 08:12:20,news,desktop,south,61,0.94,feed,0
3d9ec,2026-03-28 08:09:56,travel,mobile,west,18,0.3,top,1
fe5011,2026-03-28 08:12:30,travel,desktop,north,54,1.43,top,0
80ecf4,2026-03-28 08:12:35,news,desktop,south,19,0.24,sidebar,1
a814d7,2026-03-28 08:10:08,gaming,mobile,west,39,0.11,feed,1
b7be32,2026-03-28 08:07:39,finance,desktop,west,60,3.7,feed,0
cccde2,2026-03-28 08:10:16,news,desktop,north,37,1.61,sidebar,0
ec932f,2026-03-28 08:12:55,gaming,desktop,east,56,0.12,top,0
8175ff,2026-03-28 08:10:24,social,mobile,west,33,0.69,top,0
8cb060,2026-03-28 08:02:37,finance,desktop,north,29,3.45,feed,0
13425c,2026-03-28 08:05:16,finance,desktop,west,35,4.53,sidebar,0
4dc178,2026-03-28 08:13:15,finance,desktop,north,26,0.77,top,0
f4762e,2026-03-28 08:13:20,finance,mobile,west,37,2.23,feed,0
b0d960,2026-03-28 08:02:41,social,mobile,south,20,0.88,top,0
8f54df,2026-03-28 08:08:06,finance,mobile,south,54,1.25,feed,0
f5381f,2026-03-28 08:10:52,news,desktop,west,51,0.92,top,0
acbdf5,2026-03-28 08:10:56,social,desktop,west,58,0.78,feed,0
aec4ac,2026-03-28 08:13:45,gaming,mobile,north,18,0.14,feed,0
f8be78,2026-03-28 08:13:50,social,desktop,east,39,1.36,feed,0
19cbe1,2026-03-28 08:11:08,social,mobile,north,21,1.81,top,0
966602,2026-03-28 08:02:48,social,mobile,north,35,0.16,feed,1
ccb826,2026-03-28 08:02:49,gaming,desktop,south,29,1.61,feed,0
ac9565,2026-03-28 08:11:20,social,desktop,south,30,1.88,feed,1
d44a16,2026-03-28 08:02:51,gaming,desktop,west,44,0.15,top,0
250d23,2026-03-28 08:14:20,travel,desktop,north,55,2.86,sidebar,0
595f17,2026-03-28 08:02:53,gaming,desktop,west,39,1.01,feed,0
c58617,2026-03-28 08:14:30,news,mobile,south,25,1.32,top,0
101894,2026-03-28 08:08:45,social,desktop,north,40,1.07,sidebar,0
e9bc1e,2026-03-28 08:08:48,finance,desktop,south,63,4.0,feed,0
cb95ab,2026-03-28 08:11:48,news,desktop,east,62,0.7,sidebar,0
22cc42,2026-03-28 08:02:58,gaming,desktop,south,19,1.36,feed,0
3c2823,2026-03-28 08:05:58,social,desktop,south,51,1.28,top,0
f516ae,2026-03-28 08:15:00,gaming,mobile,west,53,0.79,feed,0
de7922,2026-03-28 08:06:02,travel,desktop,north,19,2.17,sidebar,0
f13a79,2026-03-28 08:06:04,finance,mobile,south,28,0.46,sidebar,1
ed3501,2026-03-28 08:15:15,finance,mobile,south,41,1.64,feed,0
5d4531,2026-03-28 08:12:16,travel,mobile,north,48,2.18,feed,0
cc4de7,2026-03-28 08:12:20,finance,desktop,north,65,2.02,feed,0
92c9b0,2026-03-28 08:03:06,social,mobile,south,20,1.0,feed,0
bb93ac,2026-03-28 08:12:28,gaming,mobile,east,50,1.3,feed,0
c12043,2026-03-28 08:06:16,news,mobile,south,52,1.62,feed,1
4358c0,2026-03-28 08:06:18,finance,desktop,west,20,3.8,top,0
9bc7bf,2026-03-28 08:06:20,travel,mobile,west,21,3.12,top,1
e768dd,2026-03-28 08:12:44,travel,desktop,east,56,3.47,top,1
f2d071,2026-03-28 08:12:48,finance,desktop,west,18,3.12,top,1
ef8a6a,2026-03-28 08:16:05,gaming,desktop,east,50,1.08,sidebar,0
1afdf5,2026-03-28 08:16:10,gaming,desktop,east,28,0.42,top,0
a40bdf,2026-03-28 08:03:15,travel,mobile,south,41,1.77,feed,0
8adc4a,2026-03-28 08:09:48,social,desktop,east,40,1.16,feed,0
7543d4,2026-03-28 08:09:51,news,mobile,west,51,0.2,feed,0
8507d1,2026-03-28 08:13:12,gaming,mobile,north,35,0.94,feed,1
d34e56,2026-03-28 08:06:38,finance,desktop,north,35,1.86,sidebar,0
88fe72,2026-03-28 08:16:40,social,mobile,north,35,0.15,sidebar,0
738d83,2026-03-28 08:10:03,news,mobile,north,55,0.65,feed,1
77d90,2026-03-28 08:06:44,finance,desktop,south,21,3.25,sidebar,0
dd9eec,2026-03-28 08:06:46,travel,mobile,west,46,1.72,feed,0
6acd4a,2026-03-28 08:03:24,finance,mobile,east,43,0.33,sidebar,1
31f510,2026-03-28 08:10:15,finance,desktop,east,41,4.45,top,1
c330ae,2026-03-28 08:17:10,gaming,mobile,east,52,0.46,sidebar,0
8e7b16,2026-03-28 08:06:54,travel,desktop,east,29,0.91,feed,0
87738,2026-03-28 08:03:28,news,desktop,south,48,1.02,top,0
b17a40,2026-03-28 08:06:58,social,mobile,east,28,0.96,feed,1
f79e87,2026-03-28 08:10:30,finance,desktop,east,49,2.75,feed,0
cf4e31,2026-03-28 08:14:04,finance,mobile,west,36,0.83,feed,0
aff72e,2026-03-28 08:10:36,news,mobile,west,33,1.28,sidebar,0
fd1c90,2026-03-28 08:03:33,news,mobile,east,34,0.47,feed,1
dbdeb1,2026-03-28 08:17:50,travel,mobile,south,54,1.41,feed,1
df4eeb,2026-03-28 08:10:45,social,desktop,south,23,1.83,sidebar,1
50d182,2026-03-28 08:10:48,gaming,desktop,north,64,0.34,feed,0
8b3f39,2026-03-28 08:03:37,travel,desktop,east,29,0.73,feed,0
989bc9,2026-03-28 08:14:32,travel,mobile,east,49,0.52,feed,0
ce2aa8,2026-03-28 08:03:39,travel,desktop,north,35,1.86,sidebar,1
dddf22,2026-03-28 08:03:40,finance,desktop,north,55,2.23,sidebar,0
c8aecf,2026-03-28 08:18:25,finance,mobile,north,22,2.07,feed,1
aca280,2026-03-28 08:03:42,finance,desktop,south,34,4.86,top,0
c61c64,2026-03-28 08:18:35,travel,mobile,east,40,2.89,sidebar,0
4259b4,2026-03-28 08:07:28,travel,desktop,east,24,3.48,sidebar,0
5b00f0,2026-03-28 08:15:00,finance,desktop,north,22,1.18,feed,1
6cbc2a,2026-03-28 08:15:04,gaming,desktop,east,25,0.4,sidebar,0
4424e0,2026-03-28 08:15:08,social,mobile,west,26,0.43,top,0
1dfa7d,2026-03-28 08:15:12,finance,mobile,south,18,1.51,sidebar,0
a37750,2026-03-28 08:11:27,finance,mobile,west,52,2.91,sidebar,1
9b05d2,2026-03-28 08:07:40,travel,desktop,east,62,0.61,feed,0
6903ef,2026-03-28 08:19:15,gaming,mobile,east,61,1.04,top,0
c9cc0e,2026-03-28 08:15:28,social,desktop,north,61,0.94,feed,0
eb107,2026-03-28 08:03:53,gaming,mobile,north,37,1.17,top,0
497570,2026-03-28 08:15:36,gaming,desktop,east,49,1.97,sidebar,1
f26a42,2026-03-28 08:19:35,gaming,mobile,north,41,0.48,top,1
93fefe,2026-03-28 08:03:56,finance,desktop,west,44,3.46,top,0
868a8a,2026-03-28 08:11:51,gaming,desktop,north,32,1.96,top,0
a6cc06,2026-03-28 08:11:54,gaming,mobile,north,40,1.96,feed,1
7e6b5,2026-03-28 08:07:58,finance,mobile,east,24,0.3,feed,0
546817,2026-03-28 08:08:00,gaming,desktop,west,28,0.52,feed,0
20466c,2026-03-28 08:16:04,travel,mobile,south,18,1.06,sidebar,0
8e7dcf,2026-03-28 08:20:10,social,mobile,north,46,1.82,top,0
e67f78,2026-03-28 08:08:06,finance,mobile,south,39,3.66,top,0
2fc08b,2026-03-28 08:16:16,finance,desktop,north,65,3.84,top,0
bde73a,2026-03-28 08:16:20,news,desktop,west,23,1.67,top,0
6bff7a,2026-03-28 08:16:24,gaming,desktop,west,58,0.65,top,1
4351f3,2026-03-28 08:04:07,gaming,mobile,south,55,1.23,feed,1
bafc30,2026-03-28 08:12:24,travel,desktop,west,60,2.54,sidebar,0
44d08b,2026-03-28 08:16:36,social,mobile,south,57,1.1,feed,0
21ae7d,2026-03-28 08:16:40,travel,mobile,west,28,1.36,top,0
2f1e04,2026-03-28 08:04:11,finance,desktop,east,27,3.87,sidebar,0
4a2f80,2026-03-28 08:21:00,finance,desktop,east,44,4.9,top,1
ddd23d,2026-03-28 08:16:52,news,mobile,south,22,0.22,sidebar,1
4015c3,2026-03-28 08:16:56,social,mobile,west,59,0.24,feed,0
c3c095,2026-03-28 08:21:15,travel,mobile,east,30,0.58,feed,0
6a7e5e,2026-03-28 08:12:48,news,mobile,west,38,1.38,top,0
98989b,2026-03-28 08:04:17,finance,desktop,north,57,4.36,sidebar,0
6436d5,2026-03-28 08:21:30,social,mobile,south,57,1.09,feed,1
587e1a,2026-03-28 08:17:16,social,desktop,east,25,1.34,top,0
a00f25,2026-03-28 08:21:40,travel,mobile,east,42,3.39,feed,1
664a0a,2026-03-28 08:08:42,social,mobile,west,41,1.15,feed,0
5c82d8,2026-03-28 08:21:50,news,mobile,south,23,1.3,sidebar,0
f00007,2026-03-28 08:17:32,travel,mobile,east,62,1.81,top,1
9e549,2026-03-28 08:22:00,travel,mobile,south,65,2.96,feed,1
71d21d,2026-03-28 08:04:25,gaming,mobile,north,24,1.06,sidebar,1
b74d79,2026-03-28 08:13:18,news,mobile,north,52,1.89,feed,1
5ed7a9,2026-03-28 08:08:54,travel,desktop,east,55,1.28,top,0
1d3db0,2026-03-28 08:13:24,gaming,mobile,west,59,0.37,feed,0
442e06,2026-03-28 08:22:25,social,desktop,north,65,0.95,top,0
8913fe,2026-03-28 08:18:00,news,mobile,north,37,1.04,feed,1
9162cc,2026-03-28 08:04:31,social,desktop,west,34,1.47,feed,0
5dfa7b,2026-03-28 08:13:36,travel,desktop,east,26,2.62,feed,0
983343,2026-03-28 08:04:33,social,desktop,south,54,1.4,sidebar,0
e27814,2026-03-28 08:04:34,news,mobile,south,47,0.86,sidebar,0
84966d,2026-03-28 08:22:55,travel,mobile,west,46,1.72,top,1
b20a87,2026-03-28 08:23:00,gaming,desktop,east,42,1.2,feed,0
ed708e,2026-03-28 08:04:37,social,mobile,south,33,0.15,top,0
13eb94,2026-03-28 08:09:16,social,mobile,west,19,0.67,top,1
32ba49,2026-03-28 08:18:36,social,mobile,east,32,0.69,top,0
592544,2026-03-28 08:18:40,travel,desktop,north,18,1.21,feed,0
790e6,2026-03-28 08:04:41,gaming,mobile,north,55,0.35,sidebar,1
1a6363,2026-03-28 08:14:06,gaming,desktop,west,38,1.54,top,0
45c440,2026-03-28 08:04:43,travel,mobile,south,35,2.98,sidebar,0
9bb2d2,2026-03-28 08:04:44,travel,mobile,west,38,2.05,feed,0
d5454d,2026-03-28 08:09:30,news,mobile,north,29,1.19,feed,1
129ebd,2026-03-28 08:23:50,travel,mobile,east,37,1.57,feed,0
21ca4d,2026-03-28 08:09:34,gaming,mobile,west,33,0.45,sidebar,0
9d16a9,2026-03-28 08:04:48,travel,mobile,east,39,1.8,top,1
c5275c,2026-03-28 08:14:27,news,desktop,east,24,1.84,sidebar,1
67fb36,2026-03-28 08:19:20,travel,desktop,west,40,1.27,top,0
97d8ae,2026-03-28 08:14:33,finance,desktop,east,36,4.08,feed,0
4f9c02,2026-03-28 08:14:36,travel,desktop,south,55,3.19,feed,0
9bb93,2026-03-28 08:14:39,gaming,mobile,west,33,1.21,feed,0
fc3e60,2026-03-28 08:19:36,finance,mobile,west,42,0.37,feed,0
993556,2026-03-28 08:09:50,social,desktop,east,27,1.19,sidebar,0
57f40b,2026-03-28 08:19:44,travel,mobile,north,38,0.74,top,0
34b357,2026-03-28 08:14:51,travel,desktop,south,25,1.44,top,0
b25260,2026-03-28 08:09:56,travel,desktop,west,29,2.35,sidebar,1
c70993,2026-03-28 08:04:59,social,desktop,south,20,0.28,feed,0
895f1a,2026-03-28 08:05:00,news,desktop,south,19,0.49,feed,0
a3f8d2,2026-03-28 08:15:03,travel,desktop,west,65,0.24,feed,0
31b7e,2026-03-28 08:15:06,travel,mobile,south,52,0.61,feed,0
1f255d,2026-03-28 08:05:03,news,desktop,east,58,0.62,feed,0
cf3a65,2026-03-28 08:20:16,social,mobile,north,18,1.35,top,0
b0ed91,2026-03-28 08:10:10,news,mobile,south,41,1.53,sidebar,1
8aed51,2026-03-28 08:10:12,social,desktop,west,33,1.94,feed,0
a2a987,2026-03-28 08:20:28,travel,mobile,east,34,2.17,feed,0
775cc4,2026-03-28 08:05:08,news,desktop,south,59,1.44,feed,0
4eeea3,2026-03-28 08:15:27,gaming,desktop,south,62,0.44,top,1
cfc308,2026-03-28 08:20:40,gaming,mobile,south,18,0.22,feed,0
cd5044,2026-03-28 08:15:33,finance,desktop,north,24,2.07,sidebar,0
836cd8,2026-03-28 08:15:36,finance,desktop,north,50,4.4,top,0
93b1ea,2026-03-28 08:05:13,social,desktop,south,51,1.0,top,1
bf228,2026-03-28 08:20:56,travel,desktop,west,24,0.19,sidebar,0
4dd907,2026-03-28 08:21:00,gaming,desktop,north,27,0.17,feed,1
cde965,2026-03-28 08:21:04,gaming,desktop,west,35,0.88,feed,0
fe95c6,2026-03-28 08:10:34,finance,desktop,east,38,1.05,sidebar,0
5856b2,2026-03-28 08:15:54,gaming,mobile,north,22,1.75,top,0
9c4173,2026-03-28 08:05:19,travel,mobile,east,54,0.29,feed,0
4105aa,2026-03-28 08:10:40,social,desktop,east,19,1.07,top,0
afd8ee,2026-03-28 08:10:42,finance,desktop,east,27,4.11,feed,1
fec350,2026-03-28 08:05:22,news,mobile,north,42,0.38,sidebar,1
31b112,2026-03-28 08:10:46,news,desktop,north,21,0.1,top,0
676a19,2026-03-28 08:05:24,social,desktop,west,65,1.25,feed,0
9728fe,2026-03-28 08:16:15,news,desktop,east,40,0.77,top,1
8ab2df,2026-03-28 08:21:44,news,mobile,east,35,0.51,top,1
e9e183,2026-03-28 08:27:15,gaming,mobile,west,22,1.46,feed,0
3a4ee4,2026-03-28 08:05:28,gaming,desktop,east,52,0.54,top,0
ee87d7,2026-03-28 08:21:56,news,mobile,south,31,1.98,feed,1
b80734,2026-03-28 08:27:30,gaming,mobile,east,21,1.55,sidebar,0
71e855,2026-03-28 08:11:02,gaming,mobile,west,42,1.8,top,0
293cd0,2026-03-28 08:27:40,travel,desktop,north,26,2.52,feed,1
727068,2026-03-28 08:22:12,social,mobile,north,64,1.71,sidebar,0
b7b8e,2026-03-28 08:27:50,gaming,desktop,north,49,1.77,sidebar,0
4cacf5,2026-03-28 08:16:45,travel,mobile,east,21,3.39,feed,0
3b755,2026-03-28 08:22:24,finance,desktop,west,61,2.32,sidebar,0
fa73f8,2026-03-28 08:22:28,gaming,desktop,south,31,0.58,feed,0
6fb556,2026-03-28 08:28:10,social,mobile,south,53,1.07,feed,1
bb2a3e,2026-03-28 08:11:18,finance,desktop,west,36,0.51,sidebar,0
64bd2f,2026-03-28 08:05:40,finance,mobile,north,32,4.28,sidebar,0
fdc42d,2026-03-28 08:28:25,travel,mobile,south,61,0.55,top,1
e373ff,2026-03-28 08:05:42,finance,mobile,north,26,2.25,top,0
2d15cb,2026-03-28 08:05:43,finance,mobile,east,21,1.66,sidebar,1
387e6,2026-03-28 08:17:12,travel,desktop,north,28,1.13,feed,0
5abad,2026-03-28 08:23:00,travel,desktop,west,49,0.76,sidebar,0
af1a45,2026-03-28 08:05:46,travel,mobile,north,20,1.85,top,1
be7b58,2026-03-28 08:23:08,travel,mobile,west,63,1.09,feed,0
12059b,2026-03-28 08:29:00,news,mobile,west,49,1.32,feed,0
ce5dfe,2026-03-28 08:23:16,news,desktop,north,28,0.23,top,0
361f67,2026-03-28 08:29:10,gaming,mobile,north,27,0.65,feed,1
15860e,2026-03-28 08:23:24,social,mobile,north,49,1.56,sidebar,1
181ce6,2026-03-28 08:11:44,gaming,mobile,north,21,0.81,sidebar,0
c215b1,2026-03-28 08:29:25,travel,desktop,south,55,2.09,sidebar,0
c82620,2026-03-28 08:23:36,gaming,mobile,south,23,1.0,sidebar,0
c30dc,2026-03-28 08:05:55,social,desktop,north,29,1.18,top,0
d1132b,2026-03-28 08:11:52,travel,desktop,north,49,2.78,feed,0
42b26a,2026-03-28 08:05:57,travel,desktop,south,47,3.56,top,1
659d44,2026-03-28 08:11:56,gaming,mobile,south,45,1.54,top,1
217d73,2026-03-28 08:23:56,finance,mobile,west,41,2.83,top,1
2f5867,2026-03-28 08:24:00,travel,mobile,west,48,0.38,top,0
77e837,2026-03-28 08:06:01,travel,mobile,east,39,2.46,sidebar,1
44d7cf,2026-03-28 08:18:06,social,desktop,west,27,1.41,feed,0
296293,2026-03-28 08:06:03,travel,mobile,east,41,0.6,sidebar,0
6c570f,2026-03-28 08:30:20,social,mobile,north,39,0.53,top,0
7127c0,2026-03-28 08:18:15,gaming,desktop,north,47,0.44,sidebar,0
749a57,2026-03-28 08:24:24,social,desktop,south,24,1.3,feed,0
46e707,2026-03-28 08:30:35,news,desktop,west,56,0.72,top,1
eee41f,2026-03-28 08:12:16,finance,desktop,east,25,0.95,sidebar,0
901dac,2026-03-28 08:18:27,gaming,desktop,north,32,1.41,sidebar,0
7f2aaa,2026-03-28 08:12:20,finance,mobile,south,36,4.22,feed,1
88bbf8,2026-03-28 08:06:11,finance,desktop,west,46,0.54,feed,0
5dca8b,2026-03-28 08:12:24,travel,mobile,south,30,1.03,top,1
95a8b9,2026-03-28 08:18:39,gaming,desktop,west,54,0.54,feed,0
dc9b0b,2026-03-28 08:06:14,travel,mobile,south,50,1.75,top,1
14b416,2026-03-28 08:18:45,gaming,mobile,south,40,0.44,feed,1
765d85,2026-03-28 08:06:16,social,desktop,south,56,0.92,sidebar,0
4f556c,2026-03-28 08:25:08,gaming,mobile,west,41,1.38,top,0
39ad20,2026-03-28 08:06:18,social,desktop,east,56,1.42,top,0
8e9278,2026-03-28 08:18:57,travel,desktop,east,59,0.72,top,0
55eb34,2026-03-28 08:25:20,travel,mobile,west,25,2.82,sidebar,0
67e21d,2026-03-28 08:06:21,gaming,mobile,north,47,1.71,top,1
bfb77a,2026-03-28 08:31:50,finance,desktop,south,33,3.01,top,0
e80686,2026-03-28 08:19:09,finance,mobile,north,21,0.96,feed,0
e953dd,2026-03-28 08:25:36,finance,mobile,south,35,2.74,feed,0
91bf9b,2026-03-28 08:25:40,travel,mobile,north,54,2.33,top,1
ee0c40,2026-03-28 08:12:52,news,mobile,west,41,1.57,sidebar,0
dd9e95,2026-03-28 08:32:15,gaming,mobile,west,45,0.62,feed,0
dc6d66,2026-03-28 08:25:52,travel,desktop,west,31,2.91,sidebar,1
16b67f,2026-03-28 08:19:27,social,desktop,east,36,0.56,feed,0
430bc7,2026-03-28 08:19:30,news,mobile,east,20,1.92,feed,0
2e48e3,2026-03-28 08:32:35,finance,mobile,south,63,3.12,top,0
624feb,2026-03-28 08:13:04,gaming,desktop,east,51,1.96,feed,0
57c278,2026-03-28 08:19:39,finance,desktop,north,24,3.7,feed,1
98ac28,2026-03-28 08:19:42,gaming,mobile,west,57,1.06,feed,0
b2591b,2026-03-28 08:13:10,gaming,mobile,east,19,0.53,top,0
b2dc12,2026-03-28 08:33:00,travel,mobile,south,21,2.75,top,0
b67eab,2026-03-28 08:26:28,gaming,mobile,east,38,0.9,sidebar,0
c26305,2026-03-28 08:13:16,social,desktop,south,37,1.16,top,0
b29c7b,2026-03-28 08:13:18,news,desktop,east,59,0.9,feed,0
9cbe8f,2026-03-28 08:13:20,social,mobile,west,57,1.23,feed,0
8133ca,2026-03-28 08:13:22,news,mobile,east,46,1.86,sidebar,1
c04a7d,2026-03-28 08:20:06,finance,desktop,south,55,4.16,sidebar,0
d471e8,2026-03-28 08:33:35,social,mobile,west,22,0.33,top,0
f92f46,2026-03-28 08:33:40,gaming,desktop,west,33,1.61,top,0
581b5a,2026-03-28 08:13:30,finance,mobile,west,54,3.71,top,0
31d98b,2026-03-28 08:06:46,travel,desktop,east,20,0.44,feed,0
940c2c,2026-03-28 08:33:55,gaming,mobile,south,56,0.48,top,0
1a2d50,2026-03-28 08:06:48,social,mobile,east,34,0.22,sidebar,0
650a31,2026-03-28 08:13:38,news,desktop,east,56,1.49,feed,0
8beacb,2026-03-28 08:34:10,gaming,mobile,south,30,0.93,top,0
739195,2026-03-28 08:27:24,travel,mobile,south,65,0.25,sidebar,0
27acd2,2026-03-28 08:20:36,news,desktop,south,60,0.44,feed,0
9202ce,2026-03-28 08:13:46,social,desktop,south,23,1.02,sidebar,0
e481a0,2026-03-28 08:06:54,social,mobile,east,23,0.21,top,0
af77a2,2026-03-28 08:27:40,news,mobile,west,28,1.24,top,0
a51be2,2026-03-28 08:06:56,finance,mobile,east,33,0.81,feed,0
8cba67,2026-03-28 08:06:57,travel,desktop,west,57,1.03,top,1
4f9c6f,2026-03-28 08:27:52,gaming,desktop,west,55,1.95,top,0
c643a,2026-03-28 08:27:56,gaming,mobile,west,21,0.2,top,1
1196d5,2026-03-28 08:28:00,social,mobile,west,37,1.87,top,0
e4ba3d,2026-03-28 08:14:02,social,mobile,north,52,1.31,feed,0
5dc579,2026-03-28 08:14:04,finance,desktop,west,21,4.2,feed,1
ea437d,2026-03-28 08:28:12,news,desktop,north,24,1.05,sidebar,0
146c38,2026-03-28 08:14:08,news,mobile,south,57,0.33,top,0
ea7999,2026-03-28 08:14:10,travel,desktop,south,30,3.03,sidebar,0
258fc,2026-03-28 08:07:06,gaming,mobile,east,19,1.16,feed,0
ff9832,2026-03-28 08:28:28,travel,desktop,east,61,1.34,feed,1
239f80,2026-03-28 08:14:16,social,desktop,east,59,0.28,feed,0
d1005d,2026-03-28 08:35:45,social,mobile,north,41,0.93,top,1
f0fda8,2026-03-28 08:21:30,finance,desktop,north,57,2.56,sidebar,1
98310,2026-03-28 08:07:11,news,desktop,south,58,0.93,top,0
5e30df,2026-03-28 08:07:12,social,mobile,west,63,0.11,feed,1
e2d9e1,2026-03-28 08:07:13,finance,mobile,north,43,1.43,top,0
55ca59,2026-03-28 08:21:42,finance,mobile,east,40,1.0,feed,1
dae1ba,2026-03-28 08:14:30,finance,mobile,south,26,2.14,top,0
935e86,2026-03-28 08:29:04,social,mobile,north,52,1.06,top,0
22429b,2026-03-28 08:36:25,news,mobile,west,39,0.29,feed,0
62c30e,2026-03-28 08:07:18,gaming,mobile,west,55,0.17,top,1
d494f1,2026-03-28 08:21:57,gaming,mobile,south,44,1.95,feed,1
5de96a,2026-03-28 08:36:40,travel,mobile,north,35,1.88,feed,0
4cf14f,2026-03-28 08:14:42,finance,desktop,north,47,0.43,top,0
4618ef,2026-03-28 08:14:44,finance,desktop,north,51,2.71,top,1
422324,2026-03-28 08:29:32,finance,desktop,east,45,2.45,sidebar,1
128d6c,2026-03-28 08:29:36,gaming,mobile,south,45,0.75,sidebar,1
8c0ec9,2026-03-28 08:29:40,finance,mobile,south,45,4.54,feed,0
787a4e,2026-03-28 08:07:26,travel,desktop,west,55,0.65,top,1
89df9,2026-03-28 08:07:27,finance,desktop,south,62,1.31,top,0
29335b,2026-03-28 08:07:28,social,desktop,west,62,1.54,sidebar,0
2124c5,2026-03-28 08:29:56,travel,mobile,south,65,2.35,sidebar,1
27a071,2026-03-28 08:30:00,finance,mobile,north,27,4.45,sidebar,1
f39839,2026-03-28 08:15:02,finance,desktop,west,22,2.69,top,1
2b32d5,2026-03-28 08:30:08,social,mobile,north,33,1.18,feed,1
833699,2026-03-28 08:37:45,social,mobile,south,27,0.89,sidebar,0
935ec0,2026-03-28 08:37:50,finance,mobile,south,36,3.71,top,1
b73895,2026-03-28 08:37:55,finance,desktop,south,42,4.08,feed,0
8e7397,2026-03-28 08:15:12,news,mobile,west,32,1.49,top,1
9243bf,2026-03-28 08:07:37,news,desktop,east,19,1.48,feed,0
4f76b8,2026-03-28 08:38:10,social,desktop,west,26,0.54,sidebar,0
c5966d,2026-03-28 08:38:15,gaming,desktop,west,42,1.92,sidebar,0
df6080,2026-03-28 08:38:20,social,desktop,east,30,0.92,top,0
8b451e,2026-03-28 08:07:41,gaming,mobile,south,44,0.24,feed,0
5de0db,2026-03-28 08:15:24,finance,desktop,east,41,1.47,top,1
b11cbf,2026-03-28 08:38:35,finance,mobile,east,52,4.12,sidebar,1
ff7238,2026-03-28 08:30:56,finance,desktop,north,47,4.24,sidebar,0
19c577,2026-03-28 08:23:15,social,desktop,north,29,0.2,sidebar,0
4bb391,2026-03-28 08:07:46,gaming,desktop,west,56,1.71,feed,0
a2f4a4,2026-03-28 08:07:47,news,desktop,east,29,1.95,sidebar,0
28f33f,2026-03-28 08:15:36,news,desktop,west,20,0.97,sidebar,0
871b45,2026-03-28 08:23:27,finance,desktop,west,29,4.25,feed,0
7bc93e,2026-03-28 08:39:10,social,desktop,east,60,1.47,top,0
cefeef,2026-03-28 08:15:42,news,desktop,west,46,0.51,feed,0
cbad4a,2026-03-28 08:31:28,social,mobile,south,56,1.09,sidebar,1
2ecb51,2026-03-28 08:39:25,travel,mobile,west,38,1.1,top,0
57f30,2026-03-28 08:07:54,news,mobile,north,29,1.39,top,0
59144d,2026-03-28 08:15:50,finance,desktop,west,44,2.91,sidebar,1
c0bbc5,2026-03-28 08:15:52,gaming,desktop,east,46,1.71,sidebar,0
632ed0,2026-03-28 08:15:54,finance,mobile,east,24,0.47,top,1
f49cdb,2026-03-28 08:39:50,finance,mobile,west,53,4.7,top,0
c91c4a,2026-03-28 08:07:59,gaming,desktop,north,22,0.94,feed,0
441fed,2026-03-28 08:16:00,social,mobile,north,32,1.24,sidebar,1
475f96,2026-03-28 08:24:03,news,mobile,north,65,1.84,top,0
4a08df,2026-03-28 08:32:08,travel,desktop,east,42,1.29,sidebar,0
fe5774,2026-03-28 08:32:12,news,desktop,east,36,1.94,feed,1
d052c5,2026-03-28 08:16:08,finance,desktop,west,65,1.47,top,1
a86bc6,2026-03-28 08:32:20,gaming,mobile,west,52,0.7,top,0
b34d57,2026-03-28 08:08:06,news,desktop,west,63,0.54,top,0
ced316,2026-03-28 08:32:28,finance,mobile,south,43,1.4,sidebar,0
368584,2026-03-28 08:08:08,social,desktop,south,64,0.56,sidebar,0
b90400,2026-03-28 08:24:27,social,desktop,west,63,1.4,feed,0
255adf,2026-03-28 08:32:40,social,mobile,north,44,1.11,sidebar,1
cfc50b,2026-03-28 08:40:55,news,mobile,north,59,0.18,feed,0
42899e,2026-03-28 08:16:24,social,mobile,south,45,0.87,feed,0
c17975,2026-03-28 08:41:05,gaming,mobile,south,45,0.28,top,0
1eedd3,2026-03-28 08:32:56,gaming,mobile,west,43,1.73,top,1
936809,2026-03-28 08:08:15,news,desktop,south,34,1.88,sidebar,0
5619bd,2026-03-28 08:33:04,finance,desktop,south,30,4.61,sidebar,0
9329ed,2026-03-28 08:41:25,news,mobile,north,36,1.26,sidebar,0
f69da6,2026-03-28 08:24:54,finance,desktop,north,26,0.68,feed,0
1f90d3,2026-03-28 08:08:19,gaming,desktop,south,30,1.51,top,0
f068fd,2026-03-28 08:33:20,finance,mobile,south,62,0.98,sidebar,0
d99e60,2026-03-28 08:25:03,news,mobile,east,44,0.83,sidebar,0
c89d18,2026-03-28 08:33:28,gaming,mobile,north,44,0.47,feed,0
69650e,2026-03-28 08:33:32,travel,desktop,west,30,1.12,top,0
5073d9,2026-03-28 08:08:24,gaming,desktop,south,31,0.63,sidebar,0
d82f85,2026-03-28 08:08:25,travel,desktop,east,22,1.58,top,1
662492,2026-03-28 08:25:18,gaming,desktop,west,44,0.9,top,1
c2e9f0,2026-03-28 08:42:15,news,mobile,south,19,1.71,sidebar,0
e3ab8d,2026-03-28 08:33:52,travel,desktop,east,55,2.43,sidebar,0
e356f,2026-03-28 08:25:27,travel,mobile,west,61,2.02,feed,1
c824ca,2026-03-28 08:42:30,finance,mobile,west,58,4.59,sidebar,1
eda7f2,2026-03-28 08:08:31,gaming,desktop,west,62,0.88,feed,0
218d1a,2026-03-28 08:25:36,finance,desktop,west,43,4.21,top,1
1a28f6,2026-03-28 08:08:33,gaming,desktop,south,63,1.7,sidebar,0
17f12c,2026-03-28 08:34:16,news,mobile,east,28,2.0,sidebar,0
b9fd27,2026-03-28 08:17:10,social,mobile,north,46,1.88,sidebar,1
cc9a5a,2026-03-28 08:34:24,gaming,desktop,east,53,1.61,feed,0
34690e,2026-03-28 08:17:14,news,mobile,east,65,1.08,sidebar,0
43c7a4,2026-03-28 08:08:38,gaming,desktop,north,19,1.02,top,0
e24bf,2026-03-28 08:34:36,gaming,mobile,west,54,0.65,top,0
cbbeb5,2026-03-28 08:17:20,gaming,mobile,south,53,0.67,feed,0
725f7f,2026-03-28 08:34:44,travel,desktop,east,19,3.59,feed,0
c3e7e4,2026-03-28 08:17:24,finance,mobile,south,37,3.18,sidebar,1
9c6f09,2026-03-28 08:43:35,news,desktop,east,59,0.87,sidebar,0
cc14df,2026-03-28 08:08:44,gaming,desktop,south,28,1.92,top,0
216217,2026-03-28 08:17:30,travel,mobile,east,30,1.55,top,1
49e989,2026-03-28 08:26:18,travel,mobile,west,21,0.39,sidebar,1
865c6e,2026-03-28 08:08:47,social,desktop,south,39,0.61,sidebar,1
644c00,2026-03-28 08:44:00,social,mobile,east,31,1.87,top,0
bfdb33,2026-03-28 08:08:49,news,mobile,east,63,1.18,feed,1
716e36,2026-03-28 08:17:40,finance,mobile,north,56,4.95,sidebar,0
f31bc3,2026-03-28 08:17:42,finance,mobile,north,23,4.81,top,1
5d2542,2026-03-28 08:44:20,finance,desktop,west,55,4.13,sidebar,0
f0339e,2026-03-28 08:17:46,gaming,mobile,west,22,1.24,feed,0
f6650f,2026-03-28 08:08:54,gaming,mobile,south,21,1.88,top,0
8c0ea,2026-03-28 08:44:35,news,mobile,south,31,1.36,feed,0
8bd6b5,2026-03-28 08:17:52,news,desktop,north,48,0.32,feed,0
20192e,2026-03-28 08:17:54,travel,mobile,west,20,1.35,top,0
d8d1bd,2026-03-28 08:08:58,social,desktop,north,42,1.05,top,0
f08ad8,2026-03-28 08:17:58,finance,mobile,south,29,0.28,sidebar,0
8ab9b8,2026-03-28 08:45:00,gaming,mobile,west,59,1.99,feed,0
da46de,2026-03-28 08:27:03,finance,mobile,west,54,3.59,sidebar,1
1a8db4,2026-03-28 08:09:02,social,mobile,north,30,1.7,top,0
b15097,2026-03-28 08:45:15,social,mobile,west,57,1.16,feed,0
d9c3a5,2026-03-28 08:36:16,social,mobile,east,44,0.69,top,1
3f727d,2026-03-28 08:45:25,gaming,desktop,west,48,1.25,feed,0
a7a630,2026-03-28 08:09:06,finance,mobile,south,52,3.33,sidebar,0
ac19b0,2026-03-28 08:45:35,finance,mobile,west,44,3.69,top,1
2786e6,2026-03-28 08:27:24,social,desktop,east,53,1.39,sidebar,0
eea451,2026-03-28 08:09:09,travel,desktop,east,22,3.44,top,0
ab23a6,2026-03-28 08:36:40,travel,desktop,west,65,0.26,feed,0
f09dcc,2026-03-28 08:27:33,travel,desktop,south,36,3.02,top,0
590b29,2026-03-28 08:36:48,social,desktop,west,36,0.53,sidebar,0
a35fe6,2026-03-28 08:27:39,gaming,desktop,south,63,0.77,top,0
9c3ddb,2026-03-28 08:09:14,news,mobile,south,29,0.41,sidebar,0
d3fa2a,2026-03-28 08:09:15,travel,mobile,east,39,3.27,sidebar,1
62c8d6,2026-03-28 08:18:32,travel,mobile,south,55,2.49,sidebar,1
6269b6,2026-03-28 08:18:34,finance,desktop,north,29,1.83,top,0
3c3094,2026-03-28 08:09:18,travel,mobile,south,38,2.7,top,1
3b72d5,2026-03-28 08:46:35,social,desktop,south,43,1.31,sidebar,0
3f0d6f,2026-03-28 08:37:20,gaming,desktop,east,39,1.17,top,0
56ea33,2026-03-28 08:18:42,social,mobile,east,30,1.33,feed,0
7c4457,2026-03-28 08:28:06,gaming,desktop,south,33,1.83,top,0
46b70f,2026-03-28 08:18:46,finance,desktop,west,33,1.3,sidebar,0
85dd64,2026-03-28 08:47:00,finance,mobile,west,55,3.23,top,1
61fe77,2026-03-28 08:18:50,travel,mobile,west,23,0.91,top,1
c4008c,2026-03-28 08:28:18,finance,desktop,north,56,0.26,sidebar,0
3f067b,2026-03-28 08:28:21,news,desktop,north,19,0.94,top,0
3a2cbc,2026-03-28 08:47:20,news,mobile,north,56,1.29,feed,0
f95274,2026-03-28 08:09:29,gaming,desktop,east,43,1.72,top,0
e95b19,2026-03-28 08:28:30,social,mobile,west,58,0.23,sidebar,0
7624f1,2026-03-28 08:47:35,travel,desktop,east,56,2.12,feed,0
b5533f,2026-03-28 08:47:40,finance,desktop,east,55,0.25,top,0
bc74ca,2026-03-28 08:47:45,finance,desktop,east,30,0.53,feed,0
c149e9,2026-03-28 08:19:08,news,desktop,north,25,1.73,sidebar,0
8aa481,2026-03-28 08:38:20,travel,mobile,south,25,1.07,feed,0
286dba,2026-03-28 08:48:00,travel,mobile,south,60,1.05,top,0
9d3aae,2026-03-28 08:38:28,travel,desktop,south,33,2.4,top,0
6dba6b,2026-03-28 08:19:16,finance,mobile,west,53,2.66,top,1
815eb0,2026-03-28 08:28:57,news,mobile,south,19,1.46,sidebar,0
e03985,2026-03-28 08:29:00,finance,mobile,east,33,3.64,sidebar,0
1fe49d,2026-03-28 08:19:22,social,desktop,north,33,1.57,feed,0
76c395,2026-03-28 08:19:24,gaming,desktop,south,41,0.31,top,0
30e9e,2026-03-28 08:48:35,travel,mobile,south,50,0.95,sidebar,1
3c78d7,2026-03-28 08:48:40,travel,mobile,south,63,1.54,feed,0
7992f1,2026-03-28 08:39:00,finance,desktop,east,47,2.56,top,1
578f0c,2026-03-28 08:09:46,gaming,mobile,south,18,1.28,sidebar,0
3cf38,2026-03-28 08:39:08,news,mobile,north,42,0.64,top,0
37d05e,2026-03-28 08:09:48,gaming,desktop,west,33,0.81,feed,0
f95627,2026-03-28 08:29:27,gaming,desktop,south,56,0.63,feed,0
3fe260,2026-03-28 08:29:30,gaming,mobile,west,41,0.61,feed,0
844592,2026-03-28 08:39:24,finance,mobile,east,44,1.08,sidebar,0
d8cb52,2026-03-28 08:49:20,finance,desktop,north,44,1.01,top,1
639cf5,2026-03-28 08:39:32,social,mobile,west,19,1.33,feed,1
84c261,2026-03-28 08:09:54,gaming,mobile,east,44,1.71,top,1
9dea27,2026-03-28 08:49:35,social,mobile,east,38,1.31,sidebar,0
20e2d5,2026-03-28 08:09:56,gaming,mobile,west,21,1.84,top,0
768433,2026-03-28 08:39:48,news,desktop,east,53,1.12,top,0
14469b,2026-03-28 08:39:52,social,desktop,west,58,1.79,top,0
a9c722,2026-03-28 08:09:59,gaming,mobile,north,25,0.73,feed,0
bbe2e5,2026-03-28 08:10:00,gaming,mobile,east,39,1.32,feed,0
f525d3,2026-03-28 08:30:03,social,desktop,north,64,1.75,sidebar,0
c4bc94,2026-03-28 08:20:04,gaming,desktop,south,48,1.57,feed,0
eabdf1,2026-03-28 08:50:15,social,desktop,west,40,0.61,top,0
93e0db,2026-03-28 08:30:12,travel,desktop,east,26,2.41,top,1
35fb6a,2026-03-28 08:20:10,social,mobile,west,44,1.2,sidebar,1
4bf2ab,2026-03-28 08:30:18,finance,desktop,south,65,1.51,feed,0
86da8,2026-03-28 08:30:21,social,mobile,east,47,1.6,top,1
14f645,2026-03-28 08:30:24,finance,mobile,east,41,3.07,feed,0
5e403f,2026-03-28 08:30:27,gaming,mobile,south,18,1.86,sidebar,0
1338ce,2026-03-28 08:50:50,travel,mobile,south,34,3.47,top,1
ac4ce4,2026-03-28 08:30:33,travel,desktop,south,54,3.57,sidebar,0
d22db4,2026-03-28 08:10:12,travel,desktop,north,33,3.52,feed,0
e70723,2026-03-28 08:40:52,travel,mobile,north,32,3.06,sidebar,0
8d8f71,2026-03-28 08:20:28,gaming,desktop,east,19,1.45,feed,0
b1bbca,2026-03-28 08:51:15,news,mobile,south,20,1.61,sidebar,0
ae416d,2026-03-28 08:41:04,travel,mobile,south,44,0.25,feed,0
fcb2f8,2026-03-28 08:51:25,travel,desktop,east,52,0.6,top,0
7cda35,2026-03-28 08:30:54,travel,mobile,south,57,2.8,top,1
3410b0,2026-03-28 08:41:16,travel,desktop,south,38,3.09,sidebar,1
df58f8,2026-03-28 08:10:20,finance,mobile,north,25,3.23,sidebar,1
3e07,2026-03-28 08:10:21,gaming,mobile,east,22,0.77,sidebar,0
5aee43,2026-03-28 08:10:22,travel,mobile,south,29,0.67,feed,0
e1a41e,2026-03-28 08:20:46,travel,desktop,north,49,0.69,top,0
8b391f,2026-03-28 08:52:00,gaming,mobile,south,35,1.15,top,1
1aea6c,2026-03-28 08:41:40,gaming,mobile,west,46,0.93,feed,0
2bda7a,2026-03-28 08:20:52,news,desktop,south,29,1.81,feed,0
82a7c6,2026-03-28 08:52:15,travel,desktop,east,47,1.25,feed,0
19baee,2026-03-28 08:20:56,finance,desktop,north,28,1.61,feed,0
568840,2026-03-28 08:31:27,travel,mobile,east,39,2.71,top,1
dcc800,2026-03-28 08:52:30,finance,mobile,west,63,3.7,feed,1
12348,2026-03-28 08:52:35,gaming,desktop,north,59,1.44,top,0
efe1da,2026-03-28 08:31:36,finance,desktop,north,61,1.39,feed,0
aaa4fa,2026-03-28 08:10:33,travel,mobile,south,22,2.18,feed,1
1f2563,2026-03-28 08:52:50,social,mobile,east,38,0.3,sidebar,0
df0912,2026-03-28 08:42:20,travel,desktop,north,31,3.12,sidebar,0
29e545,2026-03-28 08:31:48,gaming,mobile,north,42,0.72,sidebar,0
a354ec,2026-03-28 08:21:14,gaming,mobile,north,20,1.49,top,1
f82380,2026-03-28 08:21:16,finance,desktop,north,56,4.68,top,1
921341,2026-03-28 08:53:15,social,mobile,south,28,1.79,top,0
a31dd0,2026-03-28 08:42:40,travel,mobile,north,61,0.33,sidebar,0
fc67a3,2026-03-28 08:53:25,gaming,desktop,south,63,0.68,feed,0
ea2410,2026-03-28 08:21:24,social,mobile,east,27,1.29,sidebar,0
7ab15d,2026-03-28 08:21:26,news,mobile,west,38,1.56,feed,1
1d76bd,2026-03-28 08:21:28,travel,mobile,west,63,2.91,feed,1
abc62,2026-03-28 08:43:00,news,desktop,west,27,1.37,sidebar,0
8daf6,2026-03-28 08:32:18,finance,mobile,north,55,1.27,feed,1
85dbe9,2026-03-28 08:10:47,gaming,mobile,north,43,1.89,top,1
5d86b7,2026-03-28 08:43:12,news,mobile,east,25,0.92,feed,0
22f279,2026-03-28 08:54:05,gaming,mobile,north,58,1.86,feed,0
a740e0,2026-03-28 08:32:30,news,mobile,north,23,0.34,sidebar,0
361410,2026-03-28 08:43:24,gaming,desktop,west,30,1.03,sidebar,0
c3faf6,2026-03-28 08:54:20,news,desktop,south,45,1.55,feed,0
33f91c,2026-03-28 08:54:25,gaming,mobile,south,39,1.63,feed,0
d5b314,2026-03-28 08:54:30,finance,desktop,west,27,0.91,feed,0
d93cb8,2026-03-28 08:43:40,social,desktop,south,25,1.56,top,0
4b1216,2026-03-28 08:54:40,news,mobile,east,23,0.52,feed,0
4b8373,2026-03-28 08:43:48,finance,mobile,north,36,4.43,top,1
68bb28,2026-03-28 08:43:52,social,mobile,north,52,0.26,feed,1
d6d958,2026-03-28 08:10:59,gaming,desktop,west,55,1.35,top,1
ba20e2,2026-03-28 08:33:00,social,mobile,east,60,0.54,feed,0
e7dc36,2026-03-28 08:22:02,gaming,desktop,west,63,1.92,feed,0
6b0d9d,2026-03-28 08:11:02,social,mobile,south,51,1.7,top,0
29ec78,2026-03-28 08:44:12,finance,mobile,west,62,4.83,feed,0
105e6b,2026-03-28 08:44:16,social,mobile,south,59,1.25,feed,1
ed1d7c,2026-03-28 08:55:25,news,mobile,north,23,1.41,top,0
a4ac61,2026-03-28 08:11:06,gaming,mobile,north,35,0.52,feed,1
96dcb6,2026-03-28 08:11:07,news,mobile,west,54,1.81,feed,0
6af036,2026-03-28 08:11:08,news,desktop,north,41,1.46,feed,0
4198f9,2026-03-28 08:11:09,travel,mobile,east,57,1.36,top,1
e57b8b,2026-03-28 08:33:30,travel,mobile,east,49,1.62,top,0
e7b433,2026-03-28 08:11:11,finance,mobile,north,30,1.86,feed,0
7f4003,2026-03-28 08:11:12,social,desktop,south,42,1.61,top,0
a684fd,2026-03-28 08:56:05,travel,desktop,east,45,1.58,sidebar,0
c4ec22,2026-03-28 08:22:28,news,desktop,north,35,0.27,sidebar,0
69b7f9,2026-03-28 08:45:00,gaming,mobile,east,54,1.19,feed,1
a197a3,2026-03-28 08:56:20,news,desktop,east,23,1.11,sidebar,0
d6b37c,2026-03-28 08:22:34,finance,mobile,west,32,4.19,sidebar,0
1722dd,2026-03-28 08:56:30,social,desktop,north,35,0.11,feed,0
e5bf45,2026-03-28 08:11:19,travel,mobile,west,24,2.75,sidebar,0
4a6405,2026-03-28 08:56:40,social,desktop,south,62,0.33,feed,0
e676ec,2026-03-28 08:45:24,gaming,mobile,north,34,1.15,top,0
d325c5,2026-03-28 08:22:44,social,desktop,south,44,0.12,feed,0
75b625,2026-03-28 08:11:23,finance,desktop,west,34,2.45,sidebar,0
45fd37,2026-03-28 08:45:36,news,desktop,west,28,1.25,top,0
fb5429,2026-03-28 08:45:40,finance,desktop,south,40,3.23,sidebar,0
cdf991,2026-03-28 08:45:44,travel,mobile,west,32,3.24,feed,1
125118,2026-03-28 08:34:21,travel,desktop,west,39,0.76,sidebar,0
46ff37,2026-03-28 08:57:20,news,desktop,east,25,1.48,sidebar,0
f6ee6b,2026-03-28 08:11:29,travel,desktop,south,18,0.88,top,0
105c6,2026-03-28 08:34:30,finance,desktop,west,48,4.92,top,1
8f6f82,2026-03-28 08:46:04,social,desktop,north,55,0.54,sidebar,0
abbebe,2026-03-28 08:46:08,travel,mobile,east,44,1.38,top,0
67e57b,2026-03-28 08:11:33,travel,desktop,east,59,2.79,feed,0
c9237e,2026-03-28 08:57:50,gaming,mobile,west,55,0.97,feed,0
428e35,2026-03-28 08:23:10,finance,mobile,east,34,2.41,top,1
3ccdc5,2026-03-28 08:46:24,finance,mobile,north,29,1.12,feed,0
63dfff,2026-03-28 08:23:14,travel,desktop,east,49,3.11,sidebar,0
8ec19a,2026-03-28 08:23:16,finance,desktop,west,52,0.87,top,0
644efe,2026-03-28 08:11:39,finance,desktop,north,37,3.12,top,0
951ac1,2026-03-28 08:35:00,gaming,desktop,east,19,1.83,top,0
f970dc,2026-03-28 08:23:22,gaming,mobile,north,43,1.04,sidebar,0
7b3c49,2026-03-28 08:46:48,news,desktop,west,63,1.93,sidebar,0
50c41a,2026-03-28 08:23:26,news,mobile,west,20,0.95,top,1
abd401,2026-03-28 08:35:12,travel,mobile,west,18,0.93,feed,0
2984f8,2026-03-28 08:11:45,social,desktop,west,33,1.84,top,0
4805e6,2026-03-28 08:35:18,news,desktop,west,43,0.19,feed,0
38fc23,2026-03-28 08:35:21,social,mobile,west,63,0.65,sidebar,0
8b416b,2026-03-28 08:59:00,gaming,mobile,south,59,0.23,top,0
dddee1,2026-03-28 08:23:38,finance,mobile,east,31,4.68,feed,0
2d2021,2026-03-28 08:23:40,finance,mobile,north,48,1.73,top,0
9f29a3,2026-03-28 08:35:33,travel,desktop,east,42,2.15,sidebar,0
ded448,2026-03-28 08:35:36,gaming,desktop,south,26,0.91,feed,0
9363b0,2026-03-28 08:59:25,social,mobile,south,57,0.19,top,0
655b58,2026-03-28 08:23:48,social,desktop,east,26,1.64,top,0
a17ee,2026-03-28 08:23:50,finance,desktop,north,56,3.46,top,0
80c6c3,2026-03-28 08:47:44,news,mobile,north,49,1.07,feed,0
fb24e3,2026-03-28 08:47:48,social,desktop,south,21,0.14,top,0
3027f8,2026-03-28 08:11:58,news,desktop,north,62,1.88,top,0
9ea5d6,2026-03-28 08:59:55,social,mobile,west,37,1.64,top,0
970356,2026-03-28 08:36:00,news,mobile,east,56,0.82,feed,0
657c0c,2026-03-28 08:48:04,news,mobile,west,30,0.72,feed,0
c1c162,2026-03-28 09:00:10,finance,desktop,north,42,1.7,top,0
df5be0,2026-03-28 09:00:15,social,desktop,north,61,1.07,top,0
4ab10e,2026-03-28 08:48:16,travel,mobile,east,33,0.42,sidebar,0
20a6bb,2026-03-28 08:48:20,news,mobile,south,35,1.01,top,0
aebedc,2026-03-28 08:48:24,travel,desktop,east,23,2.55,feed,0
2740e6,2026-03-28 09:00:35,travel,desktop,east,55,3.17,feed,0
a59fba,2026-03-28 08:48:32,finance,mobile,north,25,3.26,top,1
d19e95,2026-03-28 08:48:36,social,mobile,north,31,1.2,feed,0
f87184,2026-03-28 08:24:20,social,mobile,west,54,0.97,sidebar,0
d19964,2026-03-28 08:48:44,finance,mobile,south,57,2.84,sidebar,0
ea0027,2026-03-28 08:12:12,gaming,desktop,south,45,1.69,feed,0
671265,2026-03-28 09:01:05,news,desktop,north,46,1.25,feed,0
8f8020,2026-03-28 09:01:10,finance,mobile,east,65,0.88,sidebar,0
3c7918,2026-03-28 08:12:15,travel,mobile,south,33,3.45,sidebar,0
2c15ed,2026-03-28 08:12:16,gaming,desktop,north,30,1.75,sidebar,0
78ed85,2026-03-28 08:49:08,news,desktop,south,50,0.98,top,0
91ab72,2026-03-28 08:49:12,finance,mobile,west,40,2.61,top,1
360f3c,2026-03-28 08:24:38,gaming,desktop,west,35,0.92,sidebar,0
8b4006,2026-03-28 08:37:00,finance,mobile,north,41,4.64,top,1
8d10aa,2026-03-28 09:01:45,finance,desktop,east,61,2.02,feed,0
b57f7,2026-03-28 08:37:06,gaming,mobile,north,27,1.28,sidebar,0
8491b6,2026-03-28 08:37:09,travel,mobile,south,61,1.66,top,1
ad0b26,2026-03-28 08:49:36,gaming,mobile,south,35,0.13,sidebar,0
b41cf9,2026-03-28 08:24:50,news,mobile,north,58,1.88,top,0
2a5fa6,2026-03-28 09:02:10,travel,mobile,south,60,2.92,sidebar,0
810af8,2026-03-28 08:37:21,travel,mobile,south,25,3.17,feed,0
20deeb,2026-03-28 09:02:20,news,desktop,south,63,1.43,feed,0
f72f3d,2026-03-28 08:49:56,gaming,mobile,west,30,1.49,feed,0
97423a,2026-03-28 08:37:30,news,desktop,east,56,0.18,top,0
ec9cbf,2026-03-28 08:25:02,finance,desktop,south,36,2.24,top,0
13674a,2026-03-28 08:12:32,finance,mobile,east,61,3.97,sidebar,1
f62a3f,2026-03-28 08:37:39,news,mobile,north,39,1.04,top,0
789eca,2026-03-28 08:37:42,news,mobile,north,63,1.05,top,0
f9c994,2026-03-28 08:25:10,travel,desktop,south,27,1.53,top,0
97072e,2026-03-28 08:37:48,gaming,mobile,west,23,0.22,sidebar,0
7d111,2026-03-28 09:03:05,travel,desktop,west,45,0.74,feed,0
e1d0ee,2026-03-28 09:03:10,news,mobile,north,30,0.43,feed,0
b9b359,2026-03-28 08:25:18,news,desktop,west,65,1.76,top,0
d02e20,2026-03-28 08:38:00,news,mobile,east,43,1.2,sidebar,1
6a94ab,2026-03-28 08:50:44,travel,desktop,north,28,3.2,sidebar,1
3e7bac,2026-03-28 08:25:24,gaming,desktop,south,30,0.48,feed,0
b159a6,2026-03-28 09:03:35,finance,desktop,south,42,4.62,feed,0
ce00fa,2026-03-28 08:38:12,social,mobile,north,34,0.26,feed,0
daaaea,2026-03-28 09:03:45,gaming,desktop,west,24,0.73,sidebar,1
f79b06,2026-03-28 08:12:46,news,mobile,south,56,1.28,top,0
5da173,2026-03-28 08:38:21,social,desktop,east,46,1.75,top,1
a6348,2026-03-28 08:51:12,gaming,mobile,north,46,1.04,sidebar,1
49e67c,2026-03-28 08:38:27,news,mobile,north,63,0.89,feed,0
758421,2026-03-28 08:25:40,finance,mobile,south,42,1.59,sidebar,0
8f2ce9,2026-03-28 08:12:51,finance,mobile,south,26,4.65,sidebar,0
a04333,2026-03-28 08:51:28,finance,mobile,north,53,4.4,top,1
ed0cb8,2026-03-28 09:04:25,travel,mobile,south,22,0.96,feed,0
c40acb,2026-03-28 08:38:42,finance,desktop,west,33,2.55,sidebar,0
8b39e1,2026-03-28 08:51:40,social,mobile,west,38,0.1,sidebar,1
4fb55f,2026-03-28 08:51:44,finance,desktop,east,52,4.88,top,1
13af5a,2026-03-28 08:38:51,social,desktop,north,22,0.6,feed,0
58a62d,2026-03-28 09:04:50,social,mobile,west,25,0.45,feed,1
4c0d8,2026-03-28 08:25:58,finance,mobile,south,23,0.31,top,1
41a169,2026-03-28 08:13:00,social,mobile,north,19,0.98,sidebar,1
3ec77c,2026-03-28 08:13:01,social,desktop,east,28,1.98,feed,0
950663,2026-03-28 08:52:08,news,mobile,north,48,0.97,feed,1
7d653,2026-03-28 08:39:09,news,desktop,east,45,1.28,top,0
98f953,2026-03-28 08:26:08,finance,desktop,west,18,4.85,feed,1
9fc013,2026-03-28 08:52:20,travel,desktop,east,18,2.88,top,1
b9fe3e,2026-03-28 08:26:12,travel,mobile,north,50,1.02,feed,0
d01208,2026-03-28 08:52:28,social,desktop,north,56,0.23,top,0
c355f3,2026-03-28 08:39:24,gaming,desktop,south,45,0.45,sidebar,0
5892b1,2026-03-28 08:39:27,finance,mobile,south,32,1.66,feed,1
7fe0f2,2026-03-28 08:26:20,finance,desktop,north,19,1.28,top,0
81e033,2026-03-28 08:13:11,travel,desktop,south,19,1.33,top,1
2fd862,2026-03-28 08:52:48,gaming,mobile,east,21,0.36,sidebar,1
c514a7,2026-03-28 09:06:05,finance,desktop,north,48,3.0,top,0
41877,2026-03-28 08:26:28,finance,mobile,south,62,0.39,top,1
a8ca6d,2026-03-28 08:13:15,gaming,mobile,east,37,0.85,top,0
7b61b6,2026-03-28 09:06:20,travel,mobile,west,45,3.26,top,1
80f6ee,2026-03-28 08:13:17,social,desktop,east,53,1.6,feed,0
35976f,2026-03-28 09:06:30,social,mobile,south,28,1.39,top,1
90de27,2026-03-28 08:13:19,finance,desktop,south,50,1.71,feed,0
40fe35,2026-03-28 08:13:20,news,mobile,south,51,0.18,feed,0
49a5f3,2026-03-28 08:13:21,finance,desktop,east,32,3.27,feed,0
5df740,2026-03-28 09:06:50,social,mobile,south,51,1.62,top,0
d3a623,2026-03-28 08:53:32,finance,mobile,north,52,1.84,top,0
ffa99e,2026-03-28 08:26:48,news,mobile,east,31,0.71,sidebar,0
7f4648,2026-03-28 08:40:15,news,mobile,south,32,1.09,feed,0
7a06eb,2026-03-28 08:26:52,finance,desktop,north,55,0.71,top,0
1abd04,2026-03-28 08:40:21,social,desktop,east,31,0.25,feed,0
c4802e,2026-03-28 08:13:28,news,mobile,west,18,1.21,sidebar,0
f7aba5,2026-03-28 08:40:27,gaming,desktop,east,34,1.49,sidebar,0
c84a1c,2026-03-28 08:54:00,news,desktop,south,64,1.78,feed,0
80cc23,2026-03-28 08:54:04,travel,mobile,south,65,2.98,feed,1
2e906,2026-03-28 08:54:08,finance,desktop,east,32,4.58,feed,0
9219e4,2026-03-28 09:07:45,finance,desktop,west,20,4.09,feed,0
aaa8cb,2026-03-28 08:13:34,travel,mobile,south,37,1.14,top,1
a2b6a4,2026-03-28 08:54:20,travel,mobile,south,46,0.38,feed,0
8ef98c,2026-03-28 08:27:12,gaming,mobile,east,19,1.83,sidebar,1
1f911b,2026-03-28 08:40:51,social,mobile,west,40,0.3,top,1
71ed3f,2026-03-28 08:40:54,finance,desktop,south,57,4.2,sidebar,0
76499c,2026-03-28 08:40:57,finance,desktop,south,50,3.46,feed,0
f755ff,2026-03-28 09:08:20,finance,mobile,south,63,4.06,sidebar,1
97ff7b,2026-03-28 09:08:25,news,mobile,west,20,2.0,top,1
315051,2026-03-28 08:41:06,finance,mobile,north,29,3.31,top,1
ebe8fa,2026-03-28 09:08:35,news,desktop,west,32,1.84,sidebar,0
6d2a7,2026-03-28 08:27:28,news,desktop,south,44,1.65,feed,0
1608aa,2026-03-28 08:55:00,social,mobile,east,24,1.33,top,0
ca7bf6,2026-03-28 09:08:50,news,mobile,north,58,1.89,feed,0
ba6c85,2026-03-28 08:55:08,finance,mobile,south,43,0.8,top,1
96c8ac,2026-03-28 08:13:48,gaming,desktop,west,44,0.18,top,0
20447b,2026-03-28 08:55:16,social,desktop,east,50,0.76,top,0
b1f206,2026-03-28 08:13:50,news,desktop,north,42,1.93,top,0
e6a91c,2026-03-28 08:55:24,finance,mobile,east,30,2.57,top,1
e71f54,2026-03-28 08:55:28,social,desktop,west,32,1.53,feed,0
61717,2026-03-28 08:55:32,finance,desktop,east,49,2.4,top,1
db81ff,2026-03-28 08:41:42,news,mobile,west,40,1.84,feed,1
847f67,2026-03-28 08:55:40,news,mobile,north,31,1.01,top,1
46e873,2026-03-28 08:55:44,travel,desktop,west,25,2.47,sidebar,0
6db6,2026-03-28 09:09:45,gaming,desktop,north,64,0.41,top,0
c8a4a4,2026-03-28 08:41:54,travel,desktop,west,65,3.17,sidebar,0
341355,2026-03-28 09:09:55,travel,mobile,north,32,2.1,top,1
31b0ee,2026-03-28 08:14:00,travel,desktop,east,43,0.89,feed,0
749d88,2026-03-28 08:56:04,finance,mobile,north,63,4.93,sidebar,1
bb41c2,2026-03-28 08:14:02,gaming,desktop,east,53,0.17,top,0
7befb8,2026-03-28 08:56:12,gaming,desktop,west,39,0.35,feed,0
112e2c,2026-03-28 08:14:04,travel,desktop,east,27,1.95,sidebar,0
c9e3ff,2026-03-28 09:10:25,finance,desktop,west,29,3.6,top,0
98beec,2026-03-28 09:10:30,finance,desktop,north,39,4.24,sidebar,0
e9fe50,2026-03-28 09:10:35,finance,desktop,east,25,1.95,top,0
7818df,2026-03-28 09:10:40,finance,desktop,west,43,1.31,feed,0
563fc4,2026-03-28 09:10:45,social,mobile,east,47,1.17,top,1
914eb2,2026-03-28 08:28:20,news,desktop,north,37,1.07,sidebar,0
14fbe6,2026-03-28 09:10:55,travel,mobile,north,64,2.16,top,1
59e6a0,2026-03-28 08:56:48,travel,mobile,west,54,1.93,top,0
fb0bc0,2026-03-28 08:28:26,social,desktop,south,65,1.61,feed,1
8cf313,2026-03-28 08:28:28,gaming,mobile,west,22,1.16,sidebar,0
c1f60b,2026-03-28 08:14:15,travel,mobile,west,37,2.18,sidebar,0
d1c10,2026-03-28 08:14:16,social,mobile,east,38,0.49,sidebar,0
59b156,2026-03-28 08:57:08,travel,mobile,east,41,0.99,top,0
34d70c,2026-03-28 08:14:18,travel,mobile,east,24,1.86,sidebar,0
d5282a,2026-03-28 08:14:19,social,mobile,north,46,1.83,feed,0
cc4f89,2026-03-28 09:11:40,news,desktop,north,37,1.66,top,0
5353f4,2026-03-28 08:28:42,travel,mobile,south,39,1.49,top,0
c089b,2026-03-28 08:28:44,social,desktop,east,37,0.69,sidebar,0
cf44f7,2026-03-28 09:11:55,gaming,mobile,south,55,0.42,top,0
4d6f4c,2026-03-28 08:28:48,news,mobile,south,28,1.45,sidebar,0
85894b,2026-03-28 08:57:40,social,desktop,east,27,0.46,sidebar,0
106fd4,2026-03-28 08:28:52,social,mobile,west,31,1.54,feed,0
1a45ff,2026-03-28 08:43:21,travel,mobile,west,45,2.86,feed,0
1aee44,2026-03-28 08:28:56,social,mobile,south,63,1.95,sidebar,0
99a1f2,2026-03-28 08:57:56,news,desktop,north,40,0.21,top,0
559313,2026-03-28 08:43:30,finance,mobile,west,51,1.79,sidebar,0
ad585c,2026-03-28 08:14:31,news,desktop,north,47,0.37,sidebar,0
ba3053,2026-03-28 08:43:36,gaming,desktop,east,60,1.16,top,0
a293c0,2026-03-28 08:43:39,news,mobile,north,65,1.96,top,0
3ce027,2026-03-28 09:12:50,news,mobile,east,25,1.17,feed,1
866c42,2026-03-28 08:58:20,finance,desktop,south,20,3.77,sidebar,0
95186c,2026-03-28 08:29:12,news,desktop,south,24,0.55,top,0
1c6e3b,2026-03-28 08:29:14,social,desktop,east,35,1.49,sidebar,0
aff1d3,2026-03-28 08:29:16,finance,desktop,south,61,4.63,feed,0
4f46a6,2026-03-28 08:14:39,news,mobile,south,56,0.8,feed,1
e5b040,2026-03-28 08:44:00,news,mobile,east,32,1.01,feed,0
e48c20,2026-03-28 08:14:41,news,mobile,west,26,0.45,sidebar,0
70657c,2026-03-28 08:44:06,gaming,mobile,north,27,0.98,sidebar,0
28ef5c,2026-03-28 08:29:26,gaming,mobile,east,34,0.9,feed,1
73686f,2026-03-28 08:58:56,travel,desktop,north,55,1.25,top,0
7c22da,2026-03-28 09:13:45,social,desktop,south,43,1.97,feed,0
c469e1,2026-03-28 09:13:50,social,mobile,east,19,1.18,top,0
265b1d,2026-03-28 08:44:21,social,desktop,east,52,1.98,top,0
495b29,2026-03-28 08:44:24,finance,mobile,north,52,0.32,feed,0
2e8538,2026-03-28 08:44:27,travel,mobile,south,29,2.45,feed,1
936008,2026-03-28 08:59:20,social,mobile,south,45,0.28,sidebar,0
3242f1,2026-03-28 09:14:15,finance,mobile,west,50,4.29,feed,1
872db4,2026-03-28 08:59:28,travel,mobile,east,21,1.56,feed,0
ca0fef,2026-03-28 09:14:25,travel,desktop,east,24,2.88,feed,0
113e9a,2026-03-28 08:29:48,news,desktop,north,51,1.33,sidebar,0
107881,2026-03-28 08:44:45,travel,desktop,south,21,2.64,feed,0
4bb11b,2026-03-28 08:29:52,social,desktop,east,19,0.91,top,0
28f30e,2026-03-28 08:44:51,travel,desktop,north,60,2.82,feed,0
6175ca,2026-03-28 09:14:50,travel,desktop,south,62,1.86,top,0
2b12e2,2026-03-28 08:59:56,news,desktop,east,62,1.42,feed,0
76a429,2026-03-28 09:15:00,finance,mobile,north,39,4.75,feed,1
7f5136,2026-03-28 09:15:05,social,mobile,east,42,1.84,top,0
e147b9,2026-03-28 09:00:08,travel,desktop,south,50,1.96,feed,0
1c8097,2026-03-28 08:15:03,news,desktop,south,56,1.43,feed,0
f4f560,2026-03-28 08:45:12,gaming,mobile,west,18,0.5,feed,0
699442,2026-03-28 09:00:20,social,mobile,west,51,1.29,sidebar,0
7c809a,2026-03-28 08:15:06,finance,desktop,east,53,3.99,sidebar,0
393db7,2026-03-28 09:00:28,news,mobile,west,61,1.2,top,0
a4c5a9,2026-03-28 08:15:08,gaming,mobile,south,54,1.53,sidebar,0
80871a,2026-03-28 09:15:45,finance,desktop,south,20,0.45,feed,0
704a30,2026-03-28 08:15:10,news,mobile,east,32,1.27,sidebar,0
c9ae0a,2026-03-28 08:45:33,news,mobile,south,33,0.98,sidebar,0
119d93,2026-03-28 09:00:48,news,mobile,south,61,0.34,sidebar,0
a2283f,2026-03-28 09:00:52,travel,desktop,south,60,1.72,top,0
a9c3ee,2026-03-28 09:16:10,travel,desktop,north,29,2.65,sidebar,0
18a3a3,2026-03-28 09:16:15,finance,mobile,east,33,2.34,top,1
503789,2026-03-28 08:45:48,news,desktop,north,62,1.77,feed,0
369b63,2026-03-28 08:30:34,news,desktop,north,41,1.23,top,0
b277f5,2026-03-28 09:16:30,finance,desktop,east,56,2.37,feed,0
8974d,2026-03-28 09:01:16,travel,desktop,south,38,0.58,sidebar,0
21a899,2026-03-28 08:30:40,social,mobile,west,63,1.42,top,1
e15cd4,2026-03-28 09:16:45,gaming,mobile,west,42,1.71,sidebar,0
e90bbb,2026-03-28 08:30:44,news,mobile,south,58,0.48,sidebar,1
a52bb,2026-03-28 08:15:23,gaming,desktop,north,29,1.31,top,0
8f67e1,2026-03-28 09:01:36,finance,mobile,north,39,4.08,sidebar,0
e7aef4,2026-03-28 08:30:50,travel,mobile,east,23,0.29,feed,0
5405db,2026-03-28 08:46:18,finance,desktop,east,36,4.14,sidebar,0
9c064e,2026-03-28 08:30:54,gaming,desktop,west,52,1.53,feed,0
3d515c,2026-03-28 08:30:56,gaming,desktop,west,42,1.86,top,0
ca31af,2026-03-28 08:46:27,finance,mobile,west,42,4.96,sidebar,0
709738,2026-03-28 09:17:30,finance,mobile,west,61,0.7,sidebar,0
8febf3,2026-03-28 08:15:31,gaming,desktop,west,25,0.92,feed,0
87ce35,2026-03-28 09:17:40,gaming,desktop,north,39,1.67,sidebar,0
c028d8,2026-03-28 08:15:33,gaming,desktop,south,20,0.49,feed,1
7c6818,2026-03-28 09:17:50,travel,desktop,south,39,3.13,top,1
3b9878,2026-03-28 09:02:20,travel,desktop,west,60,2.32,feed,0
81d973,2026-03-28 09:02:24,gaming,mobile,west,56,0.48,feed,0
60c182,2026-03-28 08:15:37,travel,mobile,south,61,1.57,top,0
6d6b8,2026-03-28 09:02:32,finance,desktop,south,42,0.26,feed,0
91e3f9,2026-03-28 08:31:18,news,mobile,south,39,0.89,sidebar,1
d8afd5,2026-03-28 08:15:40,social,desktop,west,41,0.44,feed,0
529b78,2026-03-28 08:31:22,gaming,desktop,east,57,0.84,feed,0
65a2de,2026-03-28 08:31:24,finance,mobile,west,65,4.84,sidebar,0
75d855,2026-03-28 09:18:35,news,mobile,west,28,0.89,top,0
3bb08,2026-03-28 09:02:56,finance,mobile,south,54,2.95,sidebar,0
e12048,2026-03-28 08:47:15,travel,desktop,west,58,2.03,feed,0
8f3170,2026-03-28 09:18:50,finance,mobile,south,52,3.76,feed,1
3cf738,2026-03-28 08:47:21,travel,desktop,south,41,3.23,top,0
d90cda,2026-03-28 08:31:36,finance,desktop,east,54,4.84,feed,0
e2d476,2026-03-28 08:15:49,social,desktop,south,23,1.53,feed,0
effe13,2026-03-28 09:03:20,travel,mobile,west,58,1.72,sidebar,1
9c4735,2026-03-28 08:31:42,social,desktop,north,46,0.48,top,0
d2966c,2026-03-28 08:47:36,finance,mobile,south,40,1.12,sidebar,0
84b406,2026-03-28 08:47:39,travel,desktop,south,53,0.9,sidebar,0
6779e,2026-03-28 08:47:42,social,desktop,north,56,1.79,feed,0
846660,2026-03-28 09:19:35,social,mobile,west,44,1.42,sidebar,0
e8e346,2026-03-28 08:15:56,gaming,desktop,south,42,0.87,sidebar,0
f04859,2026-03-28 09:03:48,gaming,desktop,south,32,1.75,top,0
c0fccb,2026-03-28 09:19:50,gaming,mobile,east,28,1.11,sidebar,0
b55f9e,2026-03-28 09:03:56,finance,mobile,south,49,2.81,sidebar,1
8e33fe,2026-03-28 09:20:00,news,mobile,south,27,1.16,feed,0
d79174,2026-03-28 08:32:02,news,mobile,south,34,1.82,top,0
dec742,2026-03-28 09:20:10,news,mobile,north,24,0.6,feed,0
358525,2026-03-28 08:48:09,finance,desktop,north,51,4.79,sidebar,0
678f52,2026-03-28 08:32:08,gaming,desktop,west,46,1.15,feed,0
d79a2e,2026-03-28 08:48:15,finance,mobile,north,26,0.86,top,1
219454,2026-03-28 09:04:24,travel,mobile,north,62,1.19,top,1
2d1178,2026-03-28 08:16:07,finance,mobile,east,45,3.56,top,1
4f5621,2026-03-28 08:32:16,social,desktop,north,22,1.4,sidebar,0
96b9cf,2026-03-28 09:04:36,social,desktop,east,47,0.18,top,0
56042b,2026-03-28 08:16:10,finance,desktop,east,63,4.75,top,0
6531da,2026-03-28 08:32:22,social,mobile,east,63,1.38,sidebar,1
72cd64,2026-03-28 09:21:00,finance,desktop,south,26,2.52,sidebar,0
b7c81d,2026-03-28 08:32:26,finance,mobile,south,47,4.69,feed,0
c39fb9,2026-03-28 08:32:28,social,desktop,south,62,0.39,feed,0
e671cd,2026-03-28 08:16:15,news,desktop,south,35,1.44,sidebar,0
e25d80,2026-03-28 09:05:04,news,mobile,east,52,0.59,top,1
14e204,2026-03-28 08:32:34,social,mobile,east,38,1.94,sidebar,0
34910,2026-03-28 08:32:36,news,desktop,east,57,1.74,feed,0
44a792,2026-03-28 08:16:19,social,mobile,north,63,1.83,feed,1
2eb630,2026-03-28 09:05:20,finance,desktop,east,33,3.8,feed,0
96f5d4,2026-03-28 09:21:45,finance,mobile,east,63,2.19,sidebar,1
c2a489,2026-03-28 08:16:22,news,desktop,north,50,0.33,feed,0
96da97,2026-03-28 08:32:46,news,desktop,east,57,1.27,top,1
8dddd1,2026-03-28 08:49:12,gaming,desktop,north,37,0.6,top,0
634d32,2026-03-28 08:16:25,news,desktop,east,22,1.33,feed,0
7d4e0f,2026-03-28 08:49:18,finance,mobile,south,30,2.41,sidebar,1
c09b39,2026-03-28 09:05:48,finance,mobile,west,44,3.22,top,0
ebbd4d,2026-03-28 09:05:52,travel,mobile,east,53,1.35,sidebar,0
9fbfde,2026-03-28 08:32:58,news,mobile,south,42,1.3,top,0
512116,2026-03-28 08:33:00,gaming,desktop,east,20,1.63,sidebar,0
d2122,2026-03-28 08:33:02,news,desktop,west,42,1.67,feed,0
291ae5,2026-03-28 08:49:36,news,desktop,west,42,0.92,sidebar,0
b4c6b5,2026-03-28 09:22:45,travel,mobile,south,48,0.36,top,0
e115df,2026-03-28 09:06:16,social,desktop,west,25,1.8,top,0
e548bf,2026-03-28 08:33:10,gaming,desktop,north,57,0.76,top,0
c76320,2026-03-28 09:23:00,travel,desktop,east,46,2.03,sidebar,1
a5f8a2,2026-03-28 08:49:51,gaming,mobile,east,23,0.86,sidebar,0
15c66e,2026-03-28 09:06:32,social,desktop,west,34,1.41,sidebar,0
3fd06e,2026-03-28 08:16:39,travel,desktop,east,54,0.36,feed,0
